-- INI DI IMPORT KE PHP MY ADMIN KALIAN
CREATE DATABASE db_bioskop;

USE db_bioskop;

-- Tabel Users
CREATE TABLE users (
    Id_user INT PRIMARY KEY AUTO_INCREMENT,
    username VARCHAR(50) NOT NULL,
    email VARCHAR(100) NOT NULL,
    password VARCHAR(100) NOT NULL,
    role CHAR(1) NOT NULL DEFAULT '2' COMMENT '1=admin, 2=user',
    created_at TIMESTAMP DEFAULT CURRENT_TIMESTAMP
);

-- Tabel Studios
CREATE TABLE studios (
    Id_studio INT PRIMARY KEY AUTO_INCREMENT,
    nama_studio VARCHAR(50) NOT NULL,
    capacity INT NOT NULL,
    total_baris INT NOT NULL,
    total_kursi_per_baris INT NOT NULL
);

INSERT INTO `studios` (`Id_studio`, `nama_studio`, `capacity`, `total_baris`, `total_kursi_per_baris`) VALUES
(1, 'Regular 2D', 20, 4, 5),
(2, 'Dolby Atmos', 0, 10, 120),
(3, 'IMAX', 0, 10, 120);

-- Tabel Movies
CREATE TABLE movies (
    Id_movie INT PRIMARY KEY AUTO_INCREMENT,
    judul VARCHAR(100) NOT NULL,
    description TEXT,
    duration INT NOT NULL,
    poster VARCHAR(255),
    release_date DATE
);

INSERT INTO `movies` (`Id_movie`, `judul`, `rating`, `genre`, `description`, `duration`, `director`, `poster`, `release_date`, `age_rating`) VALUES
(1, 'Pangku', '8.7', 'Drama, Romance', 'Sartika, seorang perempuan muda yang hamil, meninggalkan kampung halamannya untuk mencari harapan di Pantura, dan bertemu Maya yang membantunya melalui kehidupan baru penuh tantangan dan cinta.', 120, 'Reza Rahadian', 'pangku.jpg', '2025-11-06', '17+'),
(2, 'Kuncen', '7.9', 'Horror, Misteri', 'Awindya nekat mendaki Gunung Merapi untuk mencari Devlin yang hilang, namun kekuatan gelap pegunungan mulai mengancam jiwa mereka.', 105, 'Jose Poernomo', 'kuncen.jpg', '2025-11-06', '17+'),
(3, 'Sosok Ketiga: Lintrik', '8.2', 'Horor, Drama', 'Andin merasa ada kekuatan gelap dalam rumah tangganya setelah enam bulan menikah; Naura menggunakan ilmu pelet “Lintrik” yang menghantui kehidupan Andin & Aryo.', 110, 'Fajar Nugros', 'sosok_ketiga_lintrik.jpg', '2025-11-06', '17+'),
(4, 'Solata', '7.5', 'Drama, Religi', 'Angkasa menjadi relawan guru di Tana Toraja dan bertemu murid-murid yang mengubah pandangannya tentang kehidupan dan makna doa.', 110, 'Ody C. Harahap', 'solata.jpg', '2025-11-06', 'all'),
(5, 'Dopamin', '9.0', 'Drama, Thriller', 'Malik dan Alya menghadapi krisis rumah tangga dan keuangan setelah Malik di-PHK; sebuah kejadian misterius terjadi saat seorang tamu asing datang dengan koper miliaran.', 95, 'Teddy Soeriaatmadja', 'dopamin.jpg', '2025-11-13', '13+'),
(6, 'Wicked: For Good', '8.8', 'Musikal, Fantasi', 'Elphaba dan Glinda menghadapi pilihan moral dan ambisi dalam dunia sihir; konflik persahabatan dan kekuasaan mewarnai kisah mereka.', 137, 'Jon M.Chu', 'wicked_for_good.jpg', '2025-11-19', '13+'),
(7, 'Now You See Me: Now You Don’t', '8.6', 'Thriller, Kejahatan', 'Para pesulap Four Horsemen dan generasi baru bersatu untuk mencuri berlian besar milik perusahaan kriminal dan membongkar konspirasi global.', 125, 'Ruben Fleischer', 'now_you_see_me_3.jpg', '2025-11-14', '13+'),
(8, 'Avatar 3', '9.5', 'action-adventure, science fiction, and fantasy', 'The next chapter of the Avatar saga.', 190, 'James Cameron', 'avatar3.jpg', '2025-12-20', '13+'),
(12, 'Five Nights at Freddy’s 2', '0', 'Horror', 'Sekuel menegangkan dari franchise animatronik horror. ‒ akan tayang Desember 2025 ', 100, 'Emma Tammi', 'fnaf2_2.jpg', '2025-12-05', '17+'),
(13, 'The Housemaid', '0', 'Horror / Thriller', 'Seorang pembantu rumah tangga menghadapi rahasia gelap keluarga majikannya. ‒ rilis 31 Desember 2025 ', 95, 'Jean Kim', 'the_housemaid.jpg', '2025-12-31', '17+');


-- Tabel Jadwal
CREATE TABLE jadwal (
    Id_jadwal INT PRIMARY KEY AUTO_INCREMENT,
    Waktu_tayang DATETIME NOT NULL,
    harga DECIMAL(10,2) NOT NULL,
    Id_studio INT NOT NULL,
    Id_movie INT NOT NULL
);

-- Dumping data for table `jadwal`
INSERT INTO `jadwal` (`Id_jadwal`, `Waktu_tayang`, `harga`, `Id_studio`, `Id_movie`) VALUES
(2, '2025-11-24 12:30:00', 35000.00, 1, 7),
(9, '2025-11-24 12:30:00', 35000.00, 1, 1),
(10, '2025-11-24 14:45:00', 35000.00, 1, 1),
(11, '2025-11-24 17:10:00', 35000.00, 1, 1),
(12, '2025-11-24 19:20:00', 35000.00, 1, 1),
(13, '2025-11-24 21:00:00', 35000.00, 1, 1),
(14, '2025-11-24 12:30:00', 55000.00, 2, 1),
(15, '2025-11-24 14:45:00', 55000.00, 2, 1),
(16, '2025-11-24 17:10:00', 55000.00, 2, 1),
(17, '2025-11-24 19:20:00', 55000.00, 2, 1),
(18, '2025-11-24 21:00:00', 55000.00, 2, 1),
(19, '2025-11-24 12:30:00', 75000.00, 3, 1),
(20, '2025-11-24 14:45:00', 75000.00, 3, 1),
(21, '2025-11-24 17:10:00', 75000.00, 3, 1),
(22, '2025-11-24 19:20:00', 75000.00, 3, 1),
(23, '2025-11-24 21:00:00', 75000.00, 3, 1),
(24, '2025-11-24 12:30:00', 35000.00, 1, 2),
(25, '2025-11-24 14:45:00', 35000.00, 1, 2),
(26, '2025-11-24 17:10:00', 35000.00, 1, 2),
(27, '2025-11-24 19:20:00', 35000.00, 1, 2),
(28, '2025-11-24 21:00:00', 35000.00, 1, 2),
(29, '2025-11-24 12:30:00', 55000.00, 2, 2),
(30, '2025-11-24 14:45:00', 55000.00, 2, 2),
(31, '2025-11-24 17:10:00', 55000.00, 2, 2),
(32, '2025-11-24 19:20:00', 55000.00, 2, 2),
(33, '2025-11-24 21:00:00', 55000.00, 2, 2),
(34, '2025-11-24 12:30:00', 75000.00, 3, 2),
(35, '2025-11-24 14:45:00', 75000.00, 3, 2),
(36, '2025-11-24 17:10:00', 75000.00, 3, 2),
(37, '2025-11-24 19:20:00', 75000.00, 3, 2),
(38, '2025-11-24 21:00:00', 75000.00, 3, 2),
(39, '2025-11-24 12:30:00', 35000.00, 1, 3),
(40, '2025-11-24 14:45:00', 35000.00, 1, 3),
(41, '2025-11-24 17:10:00', 35000.00, 1, 3),
(42, '2025-11-24 19:20:00', 35000.00, 1, 3),
(43, '2025-11-24 21:00:00', 35000.00, 1, 3),
(44, '2025-11-24 12:30:00', 55000.00, 2, 3),
(45, '2025-11-24 14:45:00', 55000.00, 2, 3),
(46, '2025-11-24 17:10:00', 55000.00, 2, 3),
(47, '2025-11-24 19:20:00', 55000.00, 2, 3),
(48, '2025-11-24 21:00:00', 55000.00, 2, 3),
(49, '2025-11-24 12:30:00', 75000.00, 3, 3),
(50, '2025-11-24 14:45:00', 75000.00, 3, 3),
(51, '2025-11-24 17:10:00', 75000.00, 3, 3),
(52, '2025-11-24 19:20:00', 75000.00, 3, 3),
(53, '2025-11-24 21:00:00', 75000.00, 3, 3),
(54, '2025-11-24 12:30:00', 35000.00, 1, 4),
(55, '2025-11-24 14:45:00', 35000.00, 1, 4),
(56, '2025-11-24 17:10:00', 35000.00, 1, 4),
(57, '2025-11-24 19:20:00', 35000.00, 1, 4),
(58, '2025-11-24 21:00:00', 35000.00, 1, 4),
(59, '2025-11-24 12:30:00', 55000.00, 2, 4),
(60, '2025-11-24 14:45:00', 55000.00, 2, 4),
(61, '2025-11-24 17:10:00', 55000.00, 2, 4),
(62, '2025-11-24 19:20:00', 55000.00, 2, 4),
(63, '2025-11-24 21:00:00', 55000.00, 2, 4),
(64, '2025-11-24 12:30:00', 75000.00, 3, 4),
(65, '2025-11-24 14:45:00', 75000.00, 3, 4),
(66, '2025-11-24 17:10:00', 75000.00, 3, 4),
(67, '2025-11-24 19:20:00', 75000.00, 3, 4),
(68, '2025-11-24 21:00:00', 75000.00, 3, 4),
(69, '2025-11-24 12:30:00', 35000.00, 1, 5),
(70, '2025-11-24 14:45:00', 35000.00, 1, 5),
(71, '2025-11-24 17:10:00', 35000.00, 1, 5),
(72, '2025-11-24 19:20:00', 35000.00, 1, 5),
(73, '2025-11-24 21:00:00', 35000.00, 1, 5),
(74, '2025-11-24 12:30:00', 55000.00, 2, 5),
(75, '2025-11-24 14:45:00', 55000.00, 2, 5),
(76, '2025-11-24 17:10:00', 55000.00, 2, 5),
(77, '2025-11-24 19:20:00', 55000.00, 2, 5),
(78, '2025-11-24 21:00:00', 55000.00, 2, 5),
(79, '2025-11-24 12:30:00', 75000.00, 3, 5),
(80, '2025-11-24 14:45:00', 75000.00, 3, 5),
(81, '2025-11-24 17:10:00', 75000.00, 3, 5),
(82, '2025-11-24 19:20:00', 75000.00, 3, 5),
(83, '2025-11-24 21:00:00', 75000.00, 3, 5),
(84, '2025-11-24 12:30:00', 35000.00, 1, 6),
(85, '2025-11-24 14:45:00', 35000.00, 1, 6),
(86, '2025-11-24 17:10:00', 35000.00, 1, 6),
(87, '2025-11-24 19:20:00', 35000.00, 1, 6),
(88, '2025-11-24 21:00:00', 35000.00, 1, 6),
(89, '2025-11-24 12:30:00', 55000.00, 2, 6),
(90, '2025-11-24 14:45:00', 55000.00, 2, 6),
(91, '2025-11-24 17:10:00', 55000.00, 2, 6),
(92, '2025-11-24 19:20:00', 55000.00, 2, 6),
(93, '2025-11-24 21:00:00', 55000.00, 2, 6),
(94, '2025-11-24 12:30:00', 75000.00, 3, 6),
(95, '2025-11-24 14:45:00', 75000.00, 3, 6),
(96, '2025-11-24 17:10:00', 75000.00, 3, 6),
(97, '2025-11-24 19:20:00', 75000.00, 3, 6),
(98, '2025-11-24 21:00:00', 75000.00, 3, 6),
(99, '2025-11-24 14:45:00', 35000.00, 1, 7),
(100, '2025-11-24 17:10:00', 35000.00, 1, 7),
(101, '2025-11-24 19:20:00', 35000.00, 1, 7),
(102, '2025-11-24 21:00:00', 35000.00, 1, 7),
(103, '2025-11-24 12:30:00', 55000.00, 2, 7),
(104, '2025-11-24 14:45:00', 55000.00, 2, 7),
(105, '2025-11-24 17:10:00', 55000.00, 2, 7),
(106, '2025-11-24 19:20:00', 55000.00, 2, 7),
(107, '2025-11-24 21:00:00', 55000.00, 2, 7),
(108, '2025-11-24 12:30:00', 75000.00, 3, 7),
(109, '2025-11-24 14:45:00', 75000.00, 3, 7),
(110, '2025-11-24 17:10:00', 75000.00, 3, 7),
(111, '2025-11-24 19:20:00', 75000.00, 3, 7),
(112, '2025-11-24 21:00:00', 75000.00, 3, 7),
(113, '2025-11-25 12:30:00', 35000.00, 1, 1),
(114, '2025-11-25 14:45:00', 35000.00, 1, 1),
(115, '2025-11-25 17:10:00', 35000.00, 1, 1),
(116, '2025-11-25 19:20:00', 35000.00, 1, 1),
(117, '2025-11-25 21:00:00', 35000.00, 1, 1),
(118, '2025-11-25 12:30:00', 55000.00, 2, 1),
(119, '2025-11-25 14:45:00', 55000.00, 2, 1),
(120, '2025-11-25 17:10:00', 55000.00, 2, 1),
(121, '2025-11-25 19:20:00', 55000.00, 2, 1),
(122, '2025-11-25 21:00:00', 55000.00, 2, 1),
(123, '2025-11-25 12:30:00', 75000.00, 3, 1),
(124, '2025-11-25 14:45:00', 75000.00, 3, 1),
(125, '2025-11-25 17:10:00', 75000.00, 3, 1),
(126, '2025-11-25 19:20:00', 75000.00, 3, 1),
(127, '2025-11-25 21:00:00', 75000.00, 3, 1),
(128, '2025-11-25 12:30:00', 35000.00, 1, 2),
(129, '2025-11-25 14:45:00', 35000.00, 1, 2),
(130, '2025-11-25 17:10:00', 35000.00, 1, 2),
(131, '2025-11-25 19:20:00', 35000.00, 1, 2),
(132, '2025-11-25 21:00:00', 35000.00, 1, 2),
(133, '2025-11-25 12:30:00', 55000.00, 2, 2),
(134, '2025-11-25 14:45:00', 55000.00, 2, 2),
(135, '2025-11-25 17:10:00', 55000.00, 2, 2),
(136, '2025-11-25 19:20:00', 55000.00, 2, 2),
(137, '2025-11-25 21:00:00', 55000.00, 2, 2),
(138, '2025-11-25 12:30:00', 75000.00, 3, 2),
(139, '2025-11-25 14:45:00', 75000.00, 3, 2),
(140, '2025-11-25 17:10:00', 75000.00, 3, 2),
(141, '2025-11-25 19:20:00', 75000.00, 3, 2),
(142, '2025-11-25 21:00:00', 75000.00, 3, 2),
(143, '2025-11-25 12:30:00', 35000.00, 1, 3),
(144, '2025-11-25 14:45:00', 35000.00, 1, 3),
(145, '2025-11-25 17:10:00', 35000.00, 1, 3),
(146, '2025-11-25 19:20:00', 35000.00, 1, 3),
(147, '2025-11-25 21:00:00', 35000.00, 1, 3),
(148, '2025-11-25 12:30:00', 55000.00, 2, 3),
(149, '2025-11-25 14:45:00', 55000.00, 2, 3),
(150, '2025-11-25 17:10:00', 55000.00, 2, 3),
(151, '2025-11-25 19:20:00', 55000.00, 2, 3),
(152, '2025-11-25 21:00:00', 55000.00, 2, 3),
(153, '2025-11-25 12:30:00', 75000.00, 3, 3),
(154, '2025-11-25 14:45:00', 75000.00, 3, 3),
(155, '2025-11-25 17:10:00', 75000.00, 3, 3),
(156, '2025-11-25 19:20:00', 75000.00, 3, 3),
(157, '2025-11-25 21:00:00', 75000.00, 3, 3),
(158, '2025-11-25 12:30:00', 35000.00, 1, 4),
(159, '2025-11-25 14:45:00', 35000.00, 1, 4),
(160, '2025-11-25 17:10:00', 35000.00, 1, 4),
(161, '2025-11-25 19:20:00', 35000.00, 1, 4),
(162, '2025-11-25 21:00:00', 35000.00, 1, 4),
(163, '2025-11-25 12:30:00', 55000.00, 2, 4),
(164, '2025-11-25 14:45:00', 55000.00, 2, 4),
(165, '2025-11-25 17:10:00', 55000.00, 2, 4),
(166, '2025-11-25 19:20:00', 55000.00, 2, 4),
(167, '2025-11-25 21:00:00', 55000.00, 2, 4),
(168, '2025-11-25 12:30:00', 75000.00, 3, 4),
(169, '2025-11-25 14:45:00', 75000.00, 3, 4),
(170, '2025-11-25 17:10:00', 75000.00, 3, 4),
(171, '2025-11-25 19:20:00', 75000.00, 3, 4),
(172, '2025-11-25 21:00:00', 75000.00, 3, 4),
(173, '2025-11-25 12:30:00', 35000.00, 1, 5),
(174, '2025-11-25 14:45:00', 35000.00, 1, 5),
(175, '2025-11-25 17:10:00', 35000.00, 1, 5),
(176, '2025-11-25 19:20:00', 35000.00, 1, 5),
(177, '2025-11-25 21:00:00', 35000.00, 1, 5),
(178, '2025-11-25 12:30:00', 55000.00, 2, 5),
(179, '2025-11-25 14:45:00', 55000.00, 2, 5),
(180, '2025-11-25 17:10:00', 55000.00, 2, 5),
(181, '2025-11-25 19:20:00', 55000.00, 2, 5),
(182, '2025-11-25 21:00:00', 55000.00, 2, 5),
(183, '2025-11-25 12:30:00', 75000.00, 3, 5),
(184, '2025-11-25 14:45:00', 75000.00, 3, 5),
(185, '2025-11-25 17:10:00', 75000.00, 3, 5),
(186, '2025-11-25 19:20:00', 75000.00, 3, 5),
(187, '2025-11-25 21:00:00', 75000.00, 3, 5),
(188, '2025-11-25 12:30:00', 35000.00, 1, 6),
(189, '2025-11-25 14:45:00', 35000.00, 1, 6),
(190, '2025-11-25 17:10:00', 35000.00, 1, 6),
(191, '2025-11-25 19:20:00', 35000.00, 1, 6),
(192, '2025-11-25 21:00:00', 35000.00, 1, 6),
(193, '2025-11-25 12:30:00', 55000.00, 2, 6),
(194, '2025-11-25 14:45:00', 55000.00, 2, 6),
(195, '2025-11-25 17:10:00', 55000.00, 2, 6),
(196, '2025-11-25 19:20:00', 55000.00, 2, 6),
(197, '2025-11-25 21:00:00', 55000.00, 2, 6),
(198, '2025-11-25 12:30:00', 75000.00, 3, 6),
(199, '2025-11-25 14:45:00', 75000.00, 3, 6),
(200, '2025-11-25 17:10:00', 75000.00, 3, 6),
(201, '2025-11-25 19:20:00', 75000.00, 3, 6),
(202, '2025-11-25 21:00:00', 75000.00, 3, 6),
(203, '2025-11-25 12:30:00', 35000.00, 1, 7),
(204, '2025-11-25 14:45:00', 35000.00, 1, 7),
(205, '2025-11-25 17:10:00', 35000.00, 1, 7),
(206, '2025-11-25 19:20:00', 35000.00, 1, 7),
(207, '2025-11-25 21:00:00', 35000.00, 1, 7),
(208, '2025-11-25 12:30:00', 55000.00, 2, 7),
(209, '2025-11-25 14:45:00', 55000.00, 2, 7),
(210, '2025-11-25 17:10:00', 55000.00, 2, 7),
(211, '2025-11-25 19:20:00', 55000.00, 2, 7),
(212, '2025-11-25 21:00:00', 55000.00, 2, 7),
(213, '2025-11-25 12:30:00', 75000.00, 3, 7),
(214, '2025-11-25 14:45:00', 75000.00, 3, 7),
(215, '2025-11-25 17:10:00', 75000.00, 3, 7),
(216, '2025-11-25 19:20:00', 75000.00, 3, 7),
(217, '2025-11-25 21:00:00', 75000.00, 3, 7),
(218, '2025-11-26 12:30:00', 35000.00, 1, 1),
(219, '2025-11-26 14:45:00', 35000.00, 1, 1),
(220, '2025-11-26 17:10:00', 35000.00, 1, 1),
(221, '2025-11-26 19:20:00', 35000.00, 1, 1),
(222, '2025-11-26 21:00:00', 35000.00, 1, 1),
(223, '2025-11-26 12:30:00', 55000.00, 2, 1),
(224, '2025-11-26 14:45:00', 55000.00, 2, 1),
(225, '2025-11-26 17:10:00', 55000.00, 2, 1),
(226, '2025-11-26 19:20:00', 55000.00, 2, 1),
(227, '2025-11-26 21:00:00', 55000.00, 2, 1),
(228, '2025-11-26 12:30:00', 75000.00, 3, 1),
(229, '2025-11-26 14:45:00', 75000.00, 3, 1),
(230, '2025-11-26 17:10:00', 75000.00, 3, 1),
(231, '2025-11-26 19:20:00', 75000.00, 3, 1),
(232, '2025-11-26 21:00:00', 75000.00, 3, 1),
(233, '2025-11-26 12:30:00', 35000.00, 1, 2),
(234, '2025-11-26 14:45:00', 35000.00, 1, 2),
(235, '2025-11-26 17:10:00', 35000.00, 1, 2),
(236, '2025-11-26 19:20:00', 35000.00, 1, 2),
(237, '2025-11-26 21:00:00', 35000.00, 1, 2),
(238, '2025-11-26 12:30:00', 55000.00, 2, 2),
(239, '2025-11-26 14:45:00', 55000.00, 2, 2),
(240, '2025-11-26 17:10:00', 55000.00, 2, 2),
(241, '2025-11-26 19:20:00', 55000.00, 2, 2),
(242, '2025-11-26 21:00:00', 55000.00, 2, 2),
(243, '2025-11-26 12:30:00', 75000.00, 3, 2),
(244, '2025-11-26 14:45:00', 75000.00, 3, 2),
(245, '2025-11-26 17:10:00', 75000.00, 3, 2),
(246, '2025-11-26 19:20:00', 75000.00, 3, 2),
(247, '2025-11-26 21:00:00', 75000.00, 3, 2),
(248, '2025-11-26 12:30:00', 35000.00, 1, 3),
(249, '2025-11-26 14:45:00', 35000.00, 1, 3),
(250, '2025-11-26 17:10:00', 35000.00, 1, 3),
(251, '2025-11-26 19:20:00', 35000.00, 1, 3),
(252, '2025-11-26 21:00:00', 35000.00, 1, 3),
(253, '2025-11-26 12:30:00', 55000.00, 2, 3),
(254, '2025-11-26 14:45:00', 55000.00, 2, 3),
(255, '2025-11-26 17:10:00', 55000.00, 2, 3),
(256, '2025-11-26 19:20:00', 55000.00, 2, 3),
(257, '2025-11-26 21:00:00', 55000.00, 2, 3),
(258, '2025-11-26 12:30:00', 75000.00, 3, 3),
(259, '2025-11-26 14:45:00', 75000.00, 3, 3),
(260, '2025-11-26 17:10:00', 75000.00, 3, 3),
(261, '2025-11-26 19:20:00', 75000.00, 3, 3),
(262, '2025-11-26 21:00:00', 75000.00, 3, 3),
(263, '2025-11-26 12:30:00', 35000.00, 1, 4),
(264, '2025-11-26 14:45:00', 35000.00, 1, 4),
(265, '2025-11-26 17:10:00', 35000.00, 1, 4),
(266, '2025-11-26 19:20:00', 35000.00, 1, 4),
(267, '2025-11-26 21:00:00', 35000.00, 1, 4),
(268, '2025-11-26 12:30:00', 55000.00, 2, 4),
(269, '2025-11-26 14:45:00', 55000.00, 2, 4),
(270, '2025-11-26 17:10:00', 55000.00, 2, 4),
(271, '2025-11-26 19:20:00', 55000.00, 2, 4),
(272, '2025-11-26 21:00:00', 55000.00, 2, 4),
(273, '2025-11-26 12:30:00', 75000.00, 3, 4),
(274, '2025-11-26 14:45:00', 75000.00, 3, 4),
(275, '2025-11-26 17:10:00', 75000.00, 3, 4),
(276, '2025-11-26 19:20:00', 75000.00, 3, 4),
(277, '2025-11-26 21:00:00', 75000.00, 3, 4),
(278, '2025-11-26 12:30:00', 35000.00, 1, 5),
(279, '2025-11-26 14:45:00', 35000.00, 1, 5),
(280, '2025-11-26 17:10:00', 35000.00, 1, 5),
(281, '2025-11-26 19:20:00', 35000.00, 1, 5),
(282, '2025-11-26 21:00:00', 35000.00, 1, 5),
(283, '2025-11-26 12:30:00', 55000.00, 2, 5),
(284, '2025-11-26 14:45:00', 55000.00, 2, 5),
(285, '2025-11-26 17:10:00', 55000.00, 2, 5),
(286, '2025-11-26 19:20:00', 55000.00, 2, 5),
(287, '2025-11-26 21:00:00', 55000.00, 2, 5),
(288, '2025-11-26 12:30:00', 75000.00, 3, 5),
(289, '2025-11-26 14:45:00', 75000.00, 3, 5),
(290, '2025-11-26 17:10:00', 75000.00, 3, 5),
(291, '2025-11-26 19:20:00', 75000.00, 3, 5),
(292, '2025-11-26 21:00:00', 75000.00, 3, 5),
(293, '2025-11-26 12:30:00', 35000.00, 1, 6),
(294, '2025-11-26 14:45:00', 35000.00, 1, 6),
(295, '2025-11-26 17:10:00', 35000.00, 1, 6),
(296, '2025-11-26 19:20:00', 35000.00, 1, 6),
(297, '2025-11-26 21:00:00', 35000.00, 1, 6),
(298, '2025-11-26 12:30:00', 55000.00, 2, 6),
(299, '2025-11-26 14:45:00', 55000.00, 2, 6),
(300, '2025-11-26 17:10:00', 55000.00, 2, 6),
(301, '2025-11-26 19:20:00', 55000.00, 2, 6),
(302, '2025-11-26 21:00:00', 55000.00, 2, 6),
(303, '2025-11-26 12:30:00', 75000.00, 3, 6),
(304, '2025-11-26 14:45:00', 75000.00, 3, 6),
(305, '2025-11-26 17:10:00', 75000.00, 3, 6),
(306, '2025-11-26 19:20:00', 75000.00, 3, 6),
(307, '2025-11-26 21:00:00', 75000.00, 3, 6),
(308, '2025-11-26 12:30:00', 35000.00, 1, 7),
(309, '2025-11-26 14:45:00', 35000.00, 1, 7),
(310, '2025-11-26 17:10:00', 35000.00, 1, 7),
(311, '2025-11-26 19:20:00', 35000.00, 1, 7),
(312, '2025-11-26 21:00:00', 35000.00, 1, 7),
(313, '2025-11-26 12:30:00', 55000.00, 2, 7),
(314, '2025-11-26 14:45:00', 55000.00, 2, 7),
(315, '2025-11-26 17:10:00', 55000.00, 2, 7),
(316, '2025-11-26 19:20:00', 55000.00, 2, 7),
(317, '2025-11-26 21:00:00', 55000.00, 2, 7),
(318, '2025-11-26 12:30:00', 75000.00, 3, 7),
(319, '2025-11-26 14:45:00', 75000.00, 3, 7),
(320, '2025-11-26 17:10:00', 75000.00, 3, 7),
(321, '2025-11-26 19:20:00', 75000.00, 3, 7),
(322, '2025-11-26 21:00:00', 75000.00, 3, 7),
(323, '2025-11-27 12:30:00', 35000.00, 1, 1),
(324, '2025-11-27 14:45:00', 35000.00, 1, 1),
(325, '2025-11-27 17:10:00', 35000.00, 1, 1),
(326, '2025-11-27 19:20:00', 35000.00, 1, 1),
(327, '2025-11-27 21:00:00', 35000.00, 1, 1),
(328, '2025-11-27 12:30:00', 55000.00, 2, 1),
(329, '2025-11-27 14:45:00', 55000.00, 2, 1),
(330, '2025-11-27 17:10:00', 55000.00, 2, 1),
(331, '2025-11-27 19:20:00', 55000.00, 2, 1),
(332, '2025-11-27 21:00:00', 55000.00, 2, 1),
(333, '2025-11-27 12:30:00', 75000.00, 3, 1),
(334, '2025-11-27 14:45:00', 75000.00, 3, 1),
(335, '2025-11-27 17:10:00', 75000.00, 3, 1),
(336, '2025-11-27 19:20:00', 75000.00, 3, 1),
(337, '2025-11-27 21:00:00', 75000.00, 3, 1),
(338, '2025-11-27 12:30:00', 35000.00, 1, 2),
(339, '2025-11-27 14:45:00', 35000.00, 1, 2),
(340, '2025-11-27 17:10:00', 35000.00, 1, 2),
(341, '2025-11-27 19:20:00', 35000.00, 1, 2),
(342, '2025-11-27 21:00:00', 35000.00, 1, 2),
(343, '2025-11-27 12:30:00', 55000.00, 2, 2),
(344, '2025-11-27 14:45:00', 55000.00, 2, 2),
(345, '2025-11-27 17:10:00', 55000.00, 2, 2),
(346, '2025-11-27 19:20:00', 55000.00, 2, 2),
(347, '2025-11-27 21:00:00', 55000.00, 2, 2),
(348, '2025-11-27 12:30:00', 75000.00, 3, 2),
(349, '2025-11-27 14:45:00', 75000.00, 3, 2),
(350, '2025-11-27 17:10:00', 75000.00, 3, 2),
(351, '2025-11-27 19:20:00', 75000.00, 3, 2),
(352, '2025-11-27 21:00:00', 75000.00, 3, 2),
(353, '2025-11-27 12:30:00', 35000.00, 1, 3),
(354, '2025-11-27 14:45:00', 35000.00, 1, 3),
(355, '2025-11-27 17:10:00', 35000.00, 1, 3),
(356, '2025-11-27 19:20:00', 35000.00, 1, 3),
(357, '2025-11-27 21:00:00', 35000.00, 1, 3),
(358, '2025-11-27 12:30:00', 55000.00, 2, 3),
(359, '2025-11-27 14:45:00', 55000.00, 2, 3),
(360, '2025-11-27 17:10:00', 55000.00, 2, 3),
(361, '2025-11-27 19:20:00', 55000.00, 2, 3),
(362, '2025-11-27 21:00:00', 55000.00, 2, 3),
(363, '2025-11-27 12:30:00', 75000.00, 3, 3),
(364, '2025-11-27 14:45:00', 75000.00, 3, 3),
(365, '2025-11-27 17:10:00', 75000.00, 3, 3),
(366, '2025-11-27 19:20:00', 75000.00, 3, 3),
(367, '2025-11-27 21:00:00', 75000.00, 3, 3),
(368, '2025-11-27 12:30:00', 35000.00, 1, 4),
(369, '2025-11-27 14:45:00', 35000.00, 1, 4),
(370, '2025-11-27 17:10:00', 35000.00, 1, 4),
(371, '2025-11-27 19:20:00', 35000.00, 1, 4),
(372, '2025-11-27 21:00:00', 35000.00, 1, 4),
(373, '2025-11-27 12:30:00', 55000.00, 2, 4),
(374, '2025-11-27 14:45:00', 55000.00, 2, 4),
(375, '2025-11-27 17:10:00', 55000.00, 2, 4),
(376, '2025-11-27 19:20:00', 55000.00, 2, 4),
(377, '2025-11-27 21:00:00', 55000.00, 2, 4),
(378, '2025-11-27 12:30:00', 75000.00, 3, 4),
(379, '2025-11-27 14:45:00', 75000.00, 3, 4),
(380, '2025-11-27 17:10:00', 75000.00, 3, 4),
(381, '2025-11-27 19:20:00', 75000.00, 3, 4),
(382, '2025-11-27 21:00:00', 75000.00, 3, 4),
(383, '2025-11-27 12:30:00', 35000.00, 1, 5),
(384, '2025-11-27 14:45:00', 35000.00, 1, 5),
(385, '2025-11-27 17:10:00', 35000.00, 1, 5),
(386, '2025-11-27 19:20:00', 35000.00, 1, 5),
(387, '2025-11-27 21:00:00', 35000.00, 1, 5),
(388, '2025-11-27 12:30:00', 55000.00, 2, 5),
(389, '2025-11-27 14:45:00', 55000.00, 2, 5),
(390, '2025-11-27 17:10:00', 55000.00, 2, 5),
(391, '2025-11-27 19:20:00', 55000.00, 2, 5),
(392, '2025-11-27 21:00:00', 55000.00, 2, 5),
(393, '2025-11-27 12:30:00', 75000.00, 3, 5),
(394, '2025-11-27 14:45:00', 75000.00, 3, 5),
(395, '2025-11-27 17:10:00', 75000.00, 3, 5),
(396, '2025-11-27 19:20:00', 75000.00, 3, 5),
(397, '2025-11-27 21:00:00', 75000.00, 3, 5),
(398, '2025-11-27 12:30:00', 35000.00, 1, 6),
(399, '2025-11-27 14:45:00', 35000.00, 1, 6),
(400, '2025-11-27 17:10:00', 35000.00, 1, 6),
(401, '2025-11-27 19:20:00', 35000.00, 1, 6),
(402, '2025-11-27 21:00:00', 35000.00, 1, 6),
(403, '2025-11-27 12:30:00', 55000.00, 2, 6),
(404, '2025-11-27 14:45:00', 55000.00, 2, 6),
(405, '2025-11-27 17:10:00', 55000.00, 2, 6),
(406, '2025-11-27 19:20:00', 55000.00, 2, 6),
(407, '2025-11-27 21:00:00', 55000.00, 2, 6),
(408, '2025-11-27 12:30:00', 75000.00, 3, 6),
(409, '2025-11-27 14:45:00', 75000.00, 3, 6),
(410, '2025-11-27 17:10:00', 75000.00, 3, 6),
(411, '2025-11-27 19:20:00', 75000.00, 3, 6),
(412, '2025-11-27 21:00:00', 75000.00, 3, 6),
(413, '2025-11-27 12:30:00', 35000.00, 1, 7),
(414, '2025-11-27 14:45:00', 35000.00, 1, 7),
(415, '2025-11-27 17:10:00', 35000.00, 1, 7),
(416, '2025-11-27 19:20:00', 35000.00, 1, 7),
(417, '2025-11-27 21:00:00', 35000.00, 1, 7),
(418, '2025-11-27 12:30:00', 55000.00, 2, 7),
(419, '2025-11-27 14:45:00', 55000.00, 2, 7),
(420, '2025-11-27 17:10:00', 55000.00, 2, 7),
(421, '2025-11-27 19:20:00', 55000.00, 2, 7),
(422, '2025-11-27 21:00:00', 55000.00, 2, 7),
(423, '2025-11-27 12:30:00', 75000.00, 3, 7),
(424, '2025-11-27 14:45:00', 75000.00, 3, 7),
(425, '2025-11-27 17:10:00', 75000.00, 3, 7),
(426, '2025-11-27 19:20:00', 75000.00, 3, 7),
(427, '2025-11-27 21:00:00', 75000.00, 3, 7),
(428, '2025-11-28 12:30:00', 35000.00, 1, 1),
(429, '2025-11-28 14:45:00', 35000.00, 1, 1),
(430, '2025-11-28 17:10:00', 35000.00, 1, 1),
(431, '2025-11-28 19:20:00', 35000.00, 1, 1),
(432, '2025-11-28 21:00:00', 35000.00, 1, 1),
(433, '2025-11-28 12:30:00', 55000.00, 2, 1),
(434, '2025-11-28 14:45:00', 55000.00, 2, 1),
(435, '2025-11-28 17:10:00', 55000.00, 2, 1),
(436, '2025-11-28 19:20:00', 55000.00, 2, 1),
(437, '2025-11-28 21:00:00', 55000.00, 2, 1),
(438, '2025-11-28 12:30:00', 75000.00, 3, 1),
(439, '2025-11-28 14:45:00', 75000.00, 3, 1),
(440, '2025-11-28 17:10:00', 75000.00, 3, 1),
(441, '2025-11-28 19:20:00', 75000.00, 3, 1),
(442, '2025-11-28 21:00:00', 75000.00, 3, 1),
(443, '2025-11-28 12:30:00', 35000.00, 1, 2),
(444, '2025-11-28 14:45:00', 35000.00, 1, 2),
(445, '2025-11-28 17:10:00', 35000.00, 1, 2),
(446, '2025-11-28 19:20:00', 35000.00, 1, 2),
(447, '2025-11-28 21:00:00', 35000.00, 1, 2),
(448, '2025-11-28 12:30:00', 55000.00, 2, 2),
(449, '2025-11-28 14:45:00', 55000.00, 2, 2),
(450, '2025-11-28 17:10:00', 55000.00, 2, 2),
(451, '2025-11-28 19:20:00', 55000.00, 2, 2),
(452, '2025-11-28 21:00:00', 55000.00, 2, 2),
(453, '2025-11-28 12:30:00', 75000.00, 3, 2),
(454, '2025-11-28 14:45:00', 75000.00, 3, 2),
(455, '2025-11-28 17:10:00', 75000.00, 3, 2),
(456, '2025-11-28 19:20:00', 75000.00, 3, 2),
(457, '2025-11-28 21:00:00', 75000.00, 3, 2),
(458, '2025-11-28 12:30:00', 35000.00, 1, 3),
(459, '2025-11-28 14:45:00', 35000.00, 1, 3),
(460, '2025-11-28 17:10:00', 35000.00, 1, 3),
(461, '2025-11-28 19:20:00', 35000.00, 1, 3),
(462, '2025-11-28 21:00:00', 35000.00, 1, 3),
(463, '2025-11-28 12:30:00', 55000.00, 2, 3),
(464, '2025-11-28 14:45:00', 55000.00, 2, 3),
(465, '2025-11-28 17:10:00', 55000.00, 2, 3),
(466, '2025-11-28 19:20:00', 55000.00, 2, 3),
(467, '2025-11-28 21:00:00', 55000.00, 2, 3),
(468, '2025-11-28 12:30:00', 75000.00, 3, 3),
(469, '2025-11-28 14:45:00', 75000.00, 3, 3),
(470, '2025-11-28 17:10:00', 75000.00, 3, 3),
(471, '2025-11-28 19:20:00', 75000.00, 3, 3),
(472, '2025-11-28 21:00:00', 75000.00, 3, 3),
(473, '2025-11-28 12:30:00', 35000.00, 1, 4),
(474, '2025-11-28 14:45:00', 35000.00, 1, 4),
(475, '2025-11-28 17:10:00', 35000.00, 1, 4),
(476, '2025-11-28 19:20:00', 35000.00, 1, 4),
(477, '2025-11-28 21:00:00', 35000.00, 1, 4),
(478, '2025-11-28 12:30:00', 55000.00, 2, 4),
(479, '2025-11-28 14:45:00', 55000.00, 2, 4),
(480, '2025-11-28 17:10:00', 55000.00, 2, 4),
(481, '2025-11-28 19:20:00', 55000.00, 2, 4),
(482, '2025-11-28 21:00:00', 55000.00, 2, 4),
(483, '2025-11-28 12:30:00', 75000.00, 3, 4),
(484, '2025-11-28 14:45:00', 75000.00, 3, 4),
(485, '2025-11-28 17:10:00', 75000.00, 3, 4),
(486, '2025-11-28 19:20:00', 75000.00, 3, 4),
(487, '2025-11-28 21:00:00', 75000.00, 3, 4),
(488, '2025-11-28 12:30:00', 35000.00, 1, 5),
(489, '2025-11-28 14:45:00', 35000.00, 1, 5),
(490, '2025-11-28 17:10:00', 35000.00, 1, 5),
(491, '2025-11-28 19:20:00', 35000.00, 1, 5),
(492, '2025-11-28 21:00:00', 35000.00, 1, 5),
(493, '2025-11-28 12:30:00', 55000.00, 2, 5),
(494, '2025-11-28 14:45:00', 55000.00, 2, 5),
(495, '2025-11-28 17:10:00', 55000.00, 2, 5),
(496, '2025-11-28 19:20:00', 55000.00, 2, 5),
(497, '2025-11-28 21:00:00', 55000.00, 2, 5),
(498, '2025-11-28 12:30:00', 75000.00, 3, 5),
(499, '2025-11-28 14:45:00', 75000.00, 3, 5),
(500, '2025-11-28 17:10:00', 75000.00, 3, 5),
(501, '2025-11-28 19:20:00', 75000.00, 3, 5),
(502, '2025-11-28 21:00:00', 75000.00, 3, 5),
(503, '2025-11-28 12:30:00', 35000.00, 1, 6),
(504, '2025-11-28 14:45:00', 35000.00, 1, 6),
(505, '2025-11-28 17:10:00', 35000.00, 1, 6),
(506, '2025-11-28 19:20:00', 35000.00, 1, 6),
(507, '2025-11-28 21:00:00', 35000.00, 1, 6),
(508, '2025-11-28 12:30:00', 55000.00, 2, 6),
(509, '2025-11-28 14:45:00', 55000.00, 2, 6),
(510, '2025-11-28 17:10:00', 55000.00, 2, 6),
(511, '2025-11-28 19:20:00', 55000.00, 2, 6),
(512, '2025-11-28 21:00:00', 55000.00, 2, 6),
(513, '2025-11-28 12:30:00', 75000.00, 3, 6),
(514, '2025-11-28 14:45:00', 75000.00, 3, 6),
(515, '2025-11-28 17:10:00', 75000.00, 3, 6),
(516, '2025-11-28 19:20:00', 75000.00, 3, 6),
(517, '2025-11-28 21:00:00', 75000.00, 3, 6),
(518, '2025-11-28 12:30:00', 35000.00, 1, 7),
(519, '2025-11-28 14:45:00', 35000.00, 1, 7),
(520, '2025-11-28 17:10:00', 35000.00, 1, 7),
(521, '2025-11-28 19:20:00', 35000.00, 1, 7),
(522, '2025-11-28 21:00:00', 35000.00, 1, 7),
(523, '2025-11-28 12:30:00', 55000.00, 2, 7),
(524, '2025-11-28 14:45:00', 55000.00, 2, 7),
(525, '2025-11-28 17:10:00', 55000.00, 2, 7),
(526, '2025-11-28 19:20:00', 55000.00, 2, 7),
(527, '2025-11-28 21:00:00', 55000.00, 2, 7),
(528, '2025-11-28 12:30:00', 75000.00, 3, 7),
(529, '2025-11-28 14:45:00', 75000.00, 3, 7),
(530, '2025-11-28 17:10:00', 75000.00, 3, 7),
(531, '2025-11-28 19:20:00', 75000.00, 3, 7),
(532, '2025-11-28 21:00:00', 75000.00, 3, 7),
(533, '2025-11-29 12:30:00', 35000.00, 1, 1),
(534, '2025-11-29 14:45:00', 35000.00, 1, 1),
(535, '2025-11-29 17:10:00', 35000.00, 1, 1),
(536, '2025-11-29 19:20:00', 35000.00, 1, 1),
(537, '2025-11-29 21:00:00', 35000.00, 1, 1),
(538, '2025-11-29 12:30:00', 55000.00, 2, 1),
(539, '2025-11-29 14:45:00', 55000.00, 2, 1),
(540, '2025-11-29 17:10:00', 55000.00, 2, 1),
(541, '2025-11-29 19:20:00', 55000.00, 2, 1),
(542, '2025-11-29 21:00:00', 55000.00, 2, 1),
(543, '2025-11-29 12:30:00', 75000.00, 3, 1),
(544, '2025-11-29 14:45:00', 75000.00, 3, 1),
(545, '2025-11-29 17:10:00', 75000.00, 3, 1),
(546, '2025-11-29 19:20:00', 75000.00, 3, 1),
(547, '2025-11-29 21:00:00', 75000.00, 3, 1),
(548, '2025-11-29 12:30:00', 35000.00, 1, 2),
(549, '2025-11-29 14:45:00', 35000.00, 1, 2),
(550, '2025-11-29 17:10:00', 35000.00, 1, 2),
(551, '2025-11-29 19:20:00', 35000.00, 1, 2),
(552, '2025-11-29 21:00:00', 35000.00, 1, 2),
(553, '2025-11-29 12:30:00', 55000.00, 2, 2),
(554, '2025-11-29 14:45:00', 55000.00, 2, 2),
(555, '2025-11-29 17:10:00', 55000.00, 2, 2),
(556, '2025-11-29 19:20:00', 55000.00, 2, 2),
(557, '2025-11-29 21:00:00', 55000.00, 2, 2),
(558, '2025-11-29 12:30:00', 75000.00, 3, 2),
(559, '2025-11-29 14:45:00', 75000.00, 3, 2),
(560, '2025-11-29 17:10:00', 75000.00, 3, 2),
(561, '2025-11-29 19:20:00', 75000.00, 3, 2),
(562, '2025-11-29 21:00:00', 75000.00, 3, 2),
(563, '2025-11-29 12:30:00', 35000.00, 1, 3),
(564, '2025-11-29 14:45:00', 35000.00, 1, 3),
(565, '2025-11-29 17:10:00', 35000.00, 1, 3),
(566, '2025-11-29 19:20:00', 35000.00, 1, 3),
(567, '2025-11-29 21:00:00', 35000.00, 1, 3),
(568, '2025-11-29 12:30:00', 55000.00, 2, 3),
(569, '2025-11-29 14:45:00', 55000.00, 2, 3),
(570, '2025-11-29 17:10:00', 55000.00, 2, 3),
(571, '2025-11-29 19:20:00', 55000.00, 2, 3),
(572, '2025-11-29 21:00:00', 55000.00, 2, 3),
(573, '2025-11-29 12:30:00', 75000.00, 3, 3),
(574, '2025-11-29 14:45:00', 75000.00, 3, 3),
(575, '2025-11-29 17:10:00', 75000.00, 3, 3),
(576, '2025-11-29 19:20:00', 75000.00, 3, 3),
(577, '2025-11-29 21:00:00', 75000.00, 3, 3),
(578, '2025-11-29 12:30:00', 35000.00, 1, 4),
(579, '2025-11-29 14:45:00', 35000.00, 1, 4),
(580, '2025-11-29 17:10:00', 35000.00, 1, 4),
(581, '2025-11-29 19:20:00', 35000.00, 1, 4),
(582, '2025-11-29 21:00:00', 35000.00, 1, 4),
(583, '2025-11-29 12:30:00', 55000.00, 2, 4),
(584, '2025-11-29 14:45:00', 55000.00, 2, 4),
(585, '2025-11-29 17:10:00', 55000.00, 2, 4),
(586, '2025-11-29 19:20:00', 55000.00, 2, 4),
(587, '2025-11-29 21:00:00', 55000.00, 2, 4),
(588, '2025-11-29 12:30:00', 75000.00, 3, 4),
(589, '2025-11-29 14:45:00', 75000.00, 3, 4),
(590, '2025-11-29 17:10:00', 75000.00, 3, 4),
(591, '2025-11-29 19:20:00', 75000.00, 3, 4),
(592, '2025-11-29 21:00:00', 75000.00, 3, 4),
(593, '2025-11-29 12:30:00', 35000.00, 1, 5),
(594, '2025-11-29 14:45:00', 35000.00, 1, 5),
(595, '2025-11-29 17:10:00', 35000.00, 1, 5),
(596, '2025-11-29 19:20:00', 35000.00, 1, 5),
(597, '2025-11-29 21:00:00', 35000.00, 1, 5),
(598, '2025-11-29 12:30:00', 55000.00, 2, 5),
(599, '2025-11-29 14:45:00', 55000.00, 2, 5),
(600, '2025-11-29 17:10:00', 55000.00, 2, 5),
(601, '2025-11-29 19:20:00', 55000.00, 2, 5),
(602, '2025-11-29 21:00:00', 55000.00, 2, 5),
(603, '2025-11-29 12:30:00', 75000.00, 3, 5),
(604, '2025-11-29 14:45:00', 75000.00, 3, 5),
(605, '2025-11-29 17:10:00', 75000.00, 3, 5),
(606, '2025-11-29 19:20:00', 75000.00, 3, 5),
(607, '2025-11-29 21:00:00', 75000.00, 3, 5),
(608, '2025-11-29 12:30:00', 35000.00, 1, 6),
(609, '2025-11-29 14:45:00', 35000.00, 1, 6),
(610, '2025-11-29 17:10:00', 35000.00, 1, 6),
(611, '2025-11-29 19:20:00', 35000.00, 1, 6),
(612, '2025-11-29 21:00:00', 35000.00, 1, 6),
(613, '2025-11-29 12:30:00', 55000.00, 2, 6),
(614, '2025-11-29 14:45:00', 55000.00, 2, 6),
(615, '2025-11-29 17:10:00', 55000.00, 2, 6),
(616, '2025-11-29 19:20:00', 55000.00, 2, 6),
(617, '2025-11-29 21:00:00', 55000.00, 2, 6),
(618, '2025-11-29 12:30:00', 75000.00, 3, 6),
(619, '2025-11-29 14:45:00', 75000.00, 3, 6),
(620, '2025-11-29 17:10:00', 75000.00, 3, 6),
(621, '2025-11-29 19:20:00', 75000.00, 3, 6),
(622, '2025-11-29 21:00:00', 75000.00, 3, 6),
(623, '2025-11-29 12:30:00', 35000.00, 1, 7),
(624, '2025-11-29 14:45:00', 35000.00, 1, 7),
(625, '2025-11-29 17:10:00', 35000.00, 1, 7),
(626, '2025-11-29 19:20:00', 35000.00, 1, 7),
(627, '2025-11-29 21:00:00', 35000.00, 1, 7),
(628, '2025-11-29 12:30:00', 55000.00, 2, 7),
(629, '2025-11-29 14:45:00', 55000.00, 2, 7),
(630, '2025-11-29 17:10:00', 55000.00, 2, 7),
(631, '2025-11-29 19:20:00', 55000.00, 2, 7),
(632, '2025-11-29 21:00:00', 55000.00, 2, 7),
(633, '2025-11-29 12:30:00', 75000.00, 3, 7),
(634, '2025-11-29 14:45:00', 75000.00, 3, 7),
(635, '2025-11-29 17:10:00', 75000.00, 3, 7),
(636, '2025-11-29 19:20:00', 75000.00, 3, 7),
(637, '2025-11-29 21:00:00', 75000.00, 3, 7),
(638, '2025-11-30 12:30:00', 35000.00, 1, 1),
(639, '2025-11-30 14:45:00', 35000.00, 1, 1),
(640, '2025-11-30 17:10:00', 35000.00, 1, 1),
(641, '2025-11-30 19:20:00', 35000.00, 1, 1),
(642, '2025-11-30 21:00:00', 35000.00, 1, 1),
(643, '2025-11-30 12:30:00', 55000.00, 2, 1),
(644, '2025-11-30 14:45:00', 55000.00, 2, 1),
(645, '2025-11-30 17:10:00', 55000.00, 2, 1),
(646, '2025-11-30 19:20:00', 55000.00, 2, 1),
(647, '2025-11-30 21:00:00', 55000.00, 2, 1),
(648, '2025-11-30 12:30:00', 75000.00, 3, 1),
(649, '2025-11-30 14:45:00', 75000.00, 3, 1),
(650, '2025-11-30 17:10:00', 75000.00, 3, 1),
(651, '2025-11-30 19:20:00', 75000.00, 3, 1),
(652, '2025-11-30 21:00:00', 75000.00, 3, 1),
(653, '2025-11-30 12:30:00', 35000.00, 1, 2),
(654, '2025-11-30 14:45:00', 35000.00, 1, 2),
(655, '2025-11-30 17:10:00', 35000.00, 1, 2),
(656, '2025-11-30 19:20:00', 35000.00, 1, 2),
(657, '2025-11-30 21:00:00', 35000.00, 1, 2),
(658, '2025-11-30 12:30:00', 55000.00, 2, 2),
(659, '2025-11-30 14:45:00', 55000.00, 2, 2),
(660, '2025-11-30 17:10:00', 55000.00, 2, 2),
(661, '2025-11-30 19:20:00', 55000.00, 2, 2),
(662, '2025-11-30 21:00:00', 55000.00, 2, 2),
(663, '2025-11-30 12:30:00', 75000.00, 3, 2),
(664, '2025-11-30 14:45:00', 75000.00, 3, 2),
(665, '2025-11-30 17:10:00', 75000.00, 3, 2),
(666, '2025-11-30 19:20:00', 75000.00, 3, 2),
(667, '2025-11-30 21:00:00', 75000.00, 3, 2),
(668, '2025-11-30 12:30:00', 35000.00, 1, 3),
(669, '2025-11-30 14:45:00', 35000.00, 1, 3),
(670, '2025-11-30 17:10:00', 35000.00, 1, 3),
(671, '2025-11-30 19:20:00', 35000.00, 1, 3),
(672, '2025-11-30 21:00:00', 35000.00, 1, 3),
(673, '2025-11-30 12:30:00', 55000.00, 2, 3),
(674, '2025-11-30 14:45:00', 55000.00, 2, 3),
(675, '2025-11-30 17:10:00', 55000.00, 2, 3),
(676, '2025-11-30 19:20:00', 55000.00, 2, 3),
(677, '2025-11-30 21:00:00', 55000.00, 2, 3),
(678, '2025-11-30 12:30:00', 75000.00, 3, 3),
(679, '2025-11-30 14:45:00', 75000.00, 3, 3),
(680, '2025-11-30 17:10:00', 75000.00, 3, 3),
(681, '2025-11-30 19:20:00', 75000.00, 3, 3),
(682, '2025-11-30 21:00:00', 75000.00, 3, 3),
(683, '2025-11-30 12:30:00', 35000.00, 1, 4),
(684, '2025-11-30 14:45:00', 35000.00, 1, 4),
(685, '2025-11-30 17:10:00', 35000.00, 1, 4),
(686, '2025-11-30 19:20:00', 35000.00, 1, 4),
(687, '2025-11-30 21:00:00', 35000.00, 1, 4),
(688, '2025-11-30 12:30:00', 55000.00, 2, 4),
(689, '2025-11-30 14:45:00', 55000.00, 2, 4),
(690, '2025-11-30 17:10:00', 55000.00, 2, 4),
(691, '2025-11-30 19:20:00', 55000.00, 2, 4),
(692, '2025-11-30 21:00:00', 55000.00, 2, 4),
(693, '2025-11-30 12:30:00', 75000.00, 3, 4),
(694, '2025-11-30 14:45:00', 75000.00, 3, 4),
(695, '2025-11-30 17:10:00', 75000.00, 3, 4),
(696, '2025-11-30 19:20:00', 75000.00, 3, 4),
(697, '2025-11-30 21:00:00', 75000.00, 3, 4),
(698, '2025-11-30 12:30:00', 35000.00, 1, 5),
(699, '2025-11-30 14:45:00', 35000.00, 1, 5),
(700, '2025-11-30 17:10:00', 35000.00, 1, 5),
(701, '2025-11-30 19:20:00', 35000.00, 1, 5),
(702, '2025-11-30 21:00:00', 35000.00, 1, 5),
(703, '2025-11-30 12:30:00', 55000.00, 2, 5),
(704, '2025-11-30 14:45:00', 55000.00, 2, 5),
(705, '2025-11-30 17:10:00', 55000.00, 2, 5),
(706, '2025-11-30 19:20:00', 55000.00, 2, 5),
(707, '2025-11-30 21:00:00', 55000.00, 2, 5),
(708, '2025-11-30 12:30:00', 75000.00, 3, 5),
(709, '2025-11-30 14:45:00', 75000.00, 3, 5),
(710, '2025-11-30 17:10:00', 75000.00, 3, 5),
(711, '2025-11-30 19:20:00', 75000.00, 3, 5),
(712, '2025-11-30 21:00:00', 75000.00, 3, 5),
(713, '2025-11-30 12:30:00', 35000.00, 1, 6),
(714, '2025-11-30 14:45:00', 35000.00, 1, 6),
(715, '2025-11-30 17:10:00', 35000.00, 1, 6),
(716, '2025-11-30 19:20:00', 35000.00, 1, 6),
(717, '2025-11-30 21:00:00', 35000.00, 1, 6),
(718, '2025-11-30 12:30:00', 55000.00, 2, 6),
(719, '2025-11-30 14:45:00', 55000.00, 2, 6),
(720, '2025-11-30 17:10:00', 55000.00, 2, 6),
(721, '2025-11-30 19:20:00', 55000.00, 2, 6),
(722, '2025-11-30 21:00:00', 55000.00, 2, 6),
(723, '2025-11-30 12:30:00', 75000.00, 3, 6),
(724, '2025-11-30 14:45:00', 75000.00, 3, 6),
(725, '2025-11-30 17:10:00', 75000.00, 3, 6),
(726, '2025-11-30 19:20:00', 75000.00, 3, 6),
(727, '2025-11-30 21:00:00', 75000.00, 3, 6),
(728, '2025-11-30 12:30:00', 35000.00, 1, 7),
(729, '2025-11-30 14:45:00', 35000.00, 1, 7),
(730, '2025-11-30 17:10:00', 35000.00, 1, 7),
(731, '2025-11-30 19:20:00', 35000.00, 1, 7),
(732, '2025-11-30 21:00:00', 35000.00, 1, 7),
(733, '2025-11-30 12:30:00', 55000.00, 2, 7),
(734, '2025-11-30 14:45:00', 55000.00, 2, 7),
(735, '2025-11-30 17:10:00', 55000.00, 2, 7),
(736, '2025-11-30 19:20:00', 55000.00, 2, 7),
(737, '2025-11-30 21:00:00', 55000.00, 2, 7),
(738, '2025-11-30 12:30:00', 75000.00, 3, 7),
(739, '2025-11-30 14:45:00', 75000.00, 3, 7),
(740, '2025-11-30 17:10:00', 75000.00, 3, 7),
(741, '2025-11-30 19:20:00', 75000.00, 3, 7),
(742, '2025-11-30 21:00:00', 75000.00, 3, 7);

-- Tabel Booking 
CREATE TABLE booking (
    Id_booking INT PRIMARY KEY AUTO_INCREMENT,
    tanggal_booking TIMESTAMP DEFAULT CURRENT_TIMESTAMP,
    total_harga DECIMAL(10,2) NOT NULL,
    code_booking VARCHAR(50) NOT NULL,
    status_booking CHAR(1) NOT NULL DEFAULT '2' COMMENT '1=confirmed, 2=pending, 3=cancelled',
    Id_user INT NOT NULL,
    Id_jadwal INT NOT NULL
);

-- Tabel Detail Booking 
CREATE TABLE detail_booking (
    Id_detail INT PRIMARY KEY AUTO_INCREMENT,
    no_kursi VARCHAR(10) NOT NULL,
    Id_booking INT NOT NULL
);

-- Tabel Reviews
CREATE TABLE reviews (
    Id_reviews INT PRIMARY KEY AUTO_INCREMENT,
    rating INT NOT NULL,
    komentar TEXT,
    created_at TIMESTAMP DEFAULT CURRENT_TIMESTAMP,
    Id_user INT NOT NULL,
    Id_movie INT NOT NULL
);

CREATE TABLE `transaksi` (
  `id_transaksi` int NOT NULL,
  `id_jadwal` int NOT NULL,
  `seat` varchar(5) NOT NULL,
  `nama_customer` varchar(100) DEFAULT NULL,
  `tanggal_beli` datetime DEFAULT CURRENT_TIMESTAMP,
  `kursi` varchar(50) NOT NULL
) ENGINE=InnoDB DEFAULT CHARSET=utf8mb4 COLLATE=utf8mb4_0900_ai_ci;


-- ngehubungin antar table fk (foreign key)
ALTER TABLE jadwal ADD CONSTRAINT fk_jadwal_film 
    FOREIGN KEY (Id_movie) REFERENCES movies(Id_movie) ON DELETE CASCADE;

ALTER TABLE jadwal ADD CONSTRAINT fk_jadwal_studio
    FOREIGN KEY (Id_studio) REFERENCES studios(Id_studio) ON DELETE CASCADE;

ALTER TABLE booking ADD CONSTRAINT fk_booking_user
    FOREIGN KEY (Id_user) REFERENCES users(Id_user);

ALTER TABLE booking ADD CONSTRAINT fk_booking_jadwal
    FOREIGN KEY (Id_jadwal) REFERENCES jadwal(Id_jadwal);

ALTER TABLE detail_booking ADD CONSTRAINT fk_detail_booking
    FOREIGN KEY (Id_booking) REFERENCES booking(Id_booking) ON DELETE CASCADE;

ALTER TABLE reviews ADD CONSTRAINT fk_reviews_user
    FOREIGN KEY (Id_user) REFERENCES users(Id_user);

ALTER TABLE reviews ADD CONSTRAINT fk_reviews_movie
    FOREIGN KEY (Id_movie) REFERENCES movies(Id_movie) ON DELETE CASCADE;

ALTER TABLE movies
    ADD COLUMN rating VARCHAR(10),
    ADD COLUMN genre VARCHAR(100),
    ADD COLUMN age_rating VARCHAR(5),
    ADD COLUMN director VARCHAR(100);

ALTER TABLE studios MODIFY capacity INT NOT NULL DEFAULT 0;


-- nambah admin
INSERT INTO users (username, email, password, role) 
VALUES ('adminPAW', 'adminpaw@gmail.com', 'd8d3aedd4b5d0ce0131600eaadc48dcb', '1');